Description,Color,Material,Finish,Fit Guide
4 Heel Peep Toe Slide,Gold,Metallic,Pu,True to Size
4 Heel Peep Toe Slide,Red,Metallic,Pu,True to Size
4 Heel Peep Toe Slide,Blue,Metallic,Pu,True to Size
4 Heel Peep Toe Slide,Silver,Metallic,Pu,True to Size
4 Heel Peep Toe Slide,Green,Metallic,Pu,True to Size
4 Heel Peep Toe Slide,Gold,Metallic,Pu,True to Size
4 Heel Peep Toe Slide,Red,Metallic,Pu,True to Size
4 Heel Peep Toe Slide,Blue,Metallic,Pu,True to Size
4 Heel Peep Toe Slide,Silver,Metallic,Pu,True to Size
4 Heel Peep Toe Slide,Green,Metallic,Pu,True to Size
4 Heel Peep Toe Slide,Gold,Metallic,Pu,True to Size
4 Heel Peep Toe Slide,Red,Metallic,Pu,True to Size
4 Heel Peep Toe Slide,Blue,Metallic,Pu,True to Size
4 Heel Peep Toe Slide,Silver,Metallic,Pu,True to Size
3 Heel Peep Toe Slide,Green,Metallic,Pu,True to Size
3 Heel Peep Toe Slide,Gold,Metallic,Pu,True to Size
3 Heel Peep Toe Slide,Red,Metallic,Pu,True to Size
3 Heel Peep Toe Slide,Blue,Metallic,Pu,True to Size
3 Heel Peep Toe Slide,Silver,Metallic,Pu,True to Size
3 Heel Peep Toe Slide,Green,Metallic,Pu,True to Size
3 Heel Peep Toe Slide,Gold,Metallic,Pu,True to Size
3 Heel Peep Toe Slide,Red,Metallic,Pu,True to Size
3 Heel Peep Toe Slide,Blue,Metallic,Pu,True to Size
3 Heel Peep Toe Slide,Silver,Metallic,Pu,True to Size
3 Heel Peep Toe Slide,Green,Metallic,Pu,True to Size
3 Heel Peep Toe Slide,Gold,Metallic,Pu,True to Size
3 Heel Peep Toe Slide,Red,Metallic,Pu,True to Size
3 Heel Peep Toe Slide,Blue,Metallic,Pu,True to Size
3 Heel Peep Toe Slide,Silver,Metallic,Pu,True to Size
3 Heel Peep Toe Slide,Green,Metallic,Pu,True to Size
3 Heel Peep Toe Slide,Gold,Metallic,Pu,True to Size
3 Heel Peep Toe Slide,Red,Metallic,Pu,True to Size
3 Heel Peep Toe Slide,Blue,Metallic,Pu,True to Size
3 Heel Peep Toe Slide,Silver,Metallic,Pu,True to Size
3 Heel Peep Toe Slide,Green,Metallic,Pu,True to Size
3 Heel Peep Toe Slide,Gold,Metallic,Pu,True to Size
3 Heel Peep Toe Slide,Red,Metallic,Pu,True to Size
3 Heel Peep Toe Slide,Blue,Metallic,Pu,True to Size
3 Heel Peep Toe Slide,Silver,Metallic,Pu,True to Size
3 Heel Peep Toe Slide,Green,Metallic,Pu,True to Size
3 Heel Peep Toe Slide,Gold,Metallic,Pu,True to Size
3 Heel Peep Toe Slide,Red,Metallic,Pu,True to Size
3 Heel Peep Toe Slide,Blue,Metallic,Pu,True to Size
3 Heel Peep Toe Slide,Silver,Metallic,Pu,True to Size
3 Heel Peep Toe Slide,Green,Metallic,Pu,True to Size
3 Heel Peep Toe Slide,Gold,Metallic,Pu,True to Size
3 Heel Peep Toe Slide,Red,Metallic,Pu,True to Size
3 Heel Peep Toe Slide,Blue,Metallic,Pu,True to Size
3 Heel Peep Toe Slide,Silver,Metallic,Pu,True to Size
3 Heel Peep Toe Slide,Green,Metallic,Pu,True to Size
3 Heel Peep Toe Slide,Gold,Metallic,Pu,True to Size
3 Heel Peep Toe Slide,Red,Metallic,Pu,True to Size
3 Heel Peep Toe Slide,Blue,Metallic,Pu,True to Size
4 Heel Peep Toe Slide,Silver,Metallic,Pu,True to Size
4 Heel Peep Toe Slide,Green,Metallic,Pu,True to Size
4 Heel Peep Toe Slide,Gold,Metallic,Pu,True to Size
4 Heel Peep Toe Slide,Red,Metallic,Pu,True to Size
4 Heel Peep Toe Slide,Blue,Metallic,Pu,True to Size
4 Heel Peep Toe Slide,Silver,Metallic,Pu,True to Size
4 Heel Peep Toe Slide,Green,Metallic,Pu,True to Size
4 Heel Peep Toe Slide,Gold,Metallic,Pu,True to Size
4 Heel Peep Toe Slide,Red,Metallic,Pu,True to Size
4 Heel Peep Toe Slide,Blue,Metallic,Pu,True to Size
4 Heel Peep Toe Slide,Silver,Metallic,Pu,True to Size
4 Heel Peep Toe Slide,Green,Metallic,Pu,True to Size
4 Heel Peep Toe Slide,Gold,Metallic,Pu,True to Size
4 Heel Peep Toe Slide,Red,Metallic,Pu,True to Size
4 Heel Peep Toe Slide,Blue,Metallic,Pu,True to Size
4 Heel Peep Toe Slide,Silver,Metallic,Pu,True to Size
4 Heel Peep Toe Slide,Green,Metallic,Pu,True to Size
4 Heel Peep Toe Slide,Gold,Metallic,Pu,True to Size
4 Heel Peep Toe Slide,Red,Metallic,Pu,True to Size
4 Heel Peep Toe Slide,Blue,Metallic,Pu,True to Size
4 Heel Peep Toe Slide,Silver,Metallic,Pu,True to Size
4 Heel Peep Toe Slide,Green,Metallic,Pu,True to Size
4 Heel Peep Toe Slide,Gold,Metallic,Pu,True to Size
4 Heel Peep Toe Slide,Red,Metallic,Pu,True to Size
4 Heel Peep Toe Slide,Blue,Metallic,Pu,True to Size
4 Heel Peep Toe Slide,Silver,Metallic,Pu,True to Size
4 Heel Peep Toe Slide,Green,Metallic,Pu,True to Size
4 Heel Peep Toe Slide,Gold,Metallic,Pu,True to Size
4 Heel Peep Toe Slide,Red,Metallic,Pu,True to Size
4 Heel Peep Toe Slide,Blue,Metallic,Pu,True to Size
4 Heel Peep Toe Slide,Silver,Metallic,Pu,True to Size
4 Heel Peep Toe Slide,Green,Metallic,Pu,True to Size
4 Heel Peep Toe Slide,Gold,Metallic,Pu,True to Size
4 Heel Peep Toe Slide,Red,Metallic,Pu,True to Size
4 Heel Peep Toe Slide,Blue,Metallic,Pu,True to Size
4 Heel Peep Toe Slide,Silver,Metallic,Pu,True to Size
4 Heel Peep Toe Slide,Green,Metallic,Pu,True to Size
4 Heel Peep Toe Slide,Gold,Metallic,Pu,True to Size
4 Heel Peep Toe Slide,Red,Metallic,Pu,True to Size
4 Heel Peep Toe Slide,Blue,Metallic,Pu,True to Size
4 Heel Peep Toe Slide,Silver,Metallic,Pu,True to Size
5 Heel Peep Toe Slide,Green,Metallic,Pu,True to Size
5 Heel Peep Toe Slide,Gold,Metallic,Pu,True to Size
5 Heel Peep Toe Slide,Red,Metallic,Pu,True to Size
5 Heel Peep Toe Slide,Blue,Metallic,Pu,True to Size
5 Heel Peep Toe Slide,Silver,Metallic,Pu,True to Size
5 Heel Peep Toe Slide,Green,Metallic,Pu,True to Size
5 Heel Peep Toe Slide,Gold,Metallic,Pu,True to Size
5 Heel Peep Toe Slide,Red,Metallic,Pu,True to Size
5 Heel Peep Toe Slide,Blue,Metallic,Pu,True to Size
5 Heel Peep Toe Slide,Silver,Metallic,Pu,True to Size
5 Heel Peep Toe Slide,Green,Metallic,Pu,True to Size
5 Heel Peep Toe Slide,Gold,Metallic,Pu,True to Size
5 Heel Peep Toe Slide,Red,Metallic,Pu,True to Size
5 Heel Peep Toe Slide,Blue,Metallic,Pu,True to Size
5 Heel Peep Toe Slide,Silver,Metallic,Pu,True to Size
5 Heel Peep Toe Slide,Green,Metallic,Pu,True to Size
5 Heel Peep Toe Slide,Gold,Metallic,Pu,True to Size
5 Heel Peep Toe Slide,Red,Metallic,Pu,True to Size
5 Heel Peep Toe Slide,Blue,Metallic,Pu,True to Size
5 Heel Peep Toe Slide,Silver,Metallic,Pu,True to Size
5 Heel Peep Toe Slide,Green,Metallic,Pu,True to Size
5 Heel Peep Toe Slide,Gold,Metallic,Pu,True to Size
5 Heel Peep Toe Slide,Red,Metallic,Pu,True to Size
5 Heel Peep Toe Slide,Blue,Metallic,Pu,True to Size
5 Heel Peep Toe Slide,Silver,Metallic,Pu,True to Size
5 Heel Peep Toe Slide,Green,Metallic,Pu,True to Size
5 Heel Peep Toe Slide,Gold,Metallic,Pu,True to Size
5 Heel Peep Toe Slide,Red,Metallic,Pu,True to Size
4 Heel Peep Toe Slide,Blue,Metallic,Pu,True to Size
4 Heel Peep Toe Slide,Silver,Metallic,Pu,True to Size
4 Heel Peep Toe Slide,Green,Metallic,Pu,True to Size
4 Heel Peep Toe Slide,Gold,Metallic,Pu,True to Size
4 Heel Peep Toe Slide,Red,Metallic,Pu,True to Size
4 Heel Peep Toe Slide,Blue,Metallic,Pu,True to Size
4 Heel Peep Toe Slide,Silver,Metallic,Pu,True to Size
4 Heel Peep Toe Slide,Green,Metallic,Pu,True to Size
4 Heel Peep Toe Slide,Gold,Metallic,Pu,True to Size
4 Heel Peep Toe Slide,Red,Metallic,Pu,True to Size
4 Heel Peep Toe Slide,Blue,Metallic,Pu,True to Size
4 Heel Peep Toe Slide,Silver,Metallic,Pu,True to Size
4 Heel Peep Toe Slide,Green,Metallic,Pu,True to Size
4 Heel Peep Toe Slide,Gold,Metallic,Pu,True to Size
4 Heel Peep Toe Slide,Red,Metallic,Pu,True to Size
4 Heel Peep Toe Slide,Blue,Metallic,Pu,True to Size
4 Heel Peep Toe Slide,Silver,Metallic,Pu,True to Size
4 Heel Peep Toe Slide,Green,Metallic,Pu,True to Size
4 Heel Peep Toe Slide,Gold,Metallic,Pu,True to Size
4 Heel Peep Toe Slide,Red,Metallic,Pu,True to Size
4 Heel Peep Toe Slide,Blue,Metallic,Pu,True to Size
4 Heel Peep Toe Slide,Silver,Metallic,Pu,True to Size
4 Heel Peep Toe Slide,Green,Metallic,Pu,True to Size
4 Heel Peep Toe Slide,Gold,Metallic,Pu,True to Size
4 Heel Peep Toe Slide,Red,Metallic,Pu,True to Size
4 Heel Peep Toe Slide,Blue,Metallic,Pu,True to Size
4 Heel Peep Toe Slide,Silver,Metallic,Pu,True to Size
4 Heel Peep Toe Slide,Green,Metallic,Pu,True to Size
4 Heel Peep Toe Slide,Gold,Metallic,Pu,True to Size
4 Heel Peep Toe Slide,Red,Metallic,Pu,True to Size
4 Heel Peep Toe Slide,Blue,Metallic,Pu,True to Size
4 Heel Peep Toe Slide,Silver,Metallic,Pu,True to Size
4 Heel Peep Toe Slide,Green,Metallic,Pu,True to Size
4 Heel Peep Toe Slide,Gold,Metallic,Pu,True to Size
4 Heel Peep Toe Slide,Red,Metallic,Pu,True to Size
4 Heel Peep Toe Slide,Blue,Metallic,Pu,True to Size
4 Heel Peep Toe Slide,Silver,Metallic,Pu,True to Size
4 Heel Peep Toe Slide,Green,Metallic,Pu,True to Size
4 Heel Peep Toe Slide,Gold,Metallic,Pu,True to Size
4 Heel Peep Toe Slide,Red,Metallic,Pu,True to Size
4 Heel Peep Toe Slide,Blue,Metallic,Pu,True to Size
4 Heel Peep Toe Slide,Silver,Metallic,Pu,True to Size
4 Heel Peep Toe Slide,Green,Metallic,Pu,True to Size
4 Heel Peep Toe Slide,Gold,Metallic,Pu,True to Size
4 Heel Peep Toe Slide,Red,Metallic,Pu,True to Size
4 Heel Peep Toe Slide,Blue,Metallic,Pu,True to Size
4 Heel Peep Toe Slide,Silver,Metallic,Pu,True to Size
4 Heel Peep Toe Slide,Green,Metallic,Pu,True to Size
4 Heel Peep Toe Slide,Gold,Metallic,Pu,True to Size
4 Heel Peep Toe Slide,Red,Metallic,Pu,True to Size
4 Heel Peep Toe Slide,Blue,Metallic,Pu,True to Size
4 Heel Peep Toe Slide,Silver,Metallic,Pu,True to Size
4 Heel Peep Toe Slide,Green,Metallic,Pu,True to Size
4 Heel Peep Toe Slide,Gold,Metallic,Pu,True to Size
4 Heel Peep Toe Slide,Red,Metallic,Pu,True to Size
4 Heel Peep Toe Slide,Blue,Metallic,Pu,True to Size
4 Heel Peep Toe Slide,Silver,Metallic,Pu,True to Size
4 Heel Peep Toe Slide,Green,Metallic,Pu,True to Size
4 Heel Peep Toe Slide,Gold,Metallic,Pu,True to Size
4 Heel Peep Toe Slide,Red,Metallic,Pu,True to Size
4 Heel Peep Toe Slide,Blue,Metallic,Pu,True to Size
4 Heel Peep Toe Slide,Silver,Metallic,Pu,True to Size
4 Heel Peep Toe Slide,Green,Metallic,Pu,True to Size
4 Heel Peep Toe Slide,Gold,Metallic,Pu,True to Size
4 Heel Peep Toe Slide,Red,Metallic,Pu,True to Size
4 Heel Peep Toe Slide,Blue,Metallic,Pu,True to Size
4 Heel Peep Toe Slide,Silver,Metallic,Pu,True to Size
4 Heel Peep Toe Slide,Green,Metallic,Pu,True to Size
4 Heel Peep Toe Slide,Gold,Metallic,Pu,True to Size
4 Heel Peep Toe Slide,Red,Metallic,Pu,True to Size
4 Heel Peep Toe Slide,Blue,Metallic,Pu,True to Size
4 Heel Peep Toe Slide,Silver,Metallic,Pu,True to Size
4 Heel Peep Toe Slide,Green,Metallic,Pu,True to Size
4 Heel Peep Toe Slide,Gold,Metallic,Pu,True to Size
4 Heel Peep Toe Slide,Red,Metallic,Pu,True to Size
4 Heel Peep Toe Slide,Blue,Metallic,Pu,True to Size
4 Heel Peep Toe Slide,Silver,Metallic,Pu,True to Size
4 Heel Peep Toe Slide,Green,Metallic,Pu,True to Size
4 Heel Peep Toe Slide,Gold,Metallic,Pu,True to Size
4 Heel Peep Toe Slide,Red,Metallic,Pu,True to Size
4 Heel Peep Toe Slide,Blue,Metallic,Pu,True to Size
4 Heel Peep Toe Slide,Silver,Metallic,Pu,True to Size
4 Heel Peep Toe Slide,Green,Metallic,Pu,True to Size
4 Heel Peep Toe Slide,Gold,Metallic,Pu,True to Size
4 Heel Peep Toe Slide,Red,Metallic,Pu,True to Size
4 Heel Peep Toe Slide,Blue,Metallic,Pu,True to Size
4 Heel Peep Toe Slide,Silver,Metallic,Pu,True to Size
4 Heel Peep Toe Slide,Green,Metallic,Pu,True to Size
4 Heel Peep Toe Slide,Gold,Metallic,Pu,True to Size
4 Heel Peep Toe Slide,Red,Metallic,Pu,True to Size
